Estabelecimento,Complemento,Descricao,Endereço,Horario,Prato,Telefone
Alexandre’s Bar,Loja 01,Polpetone com recheio de muçarela acompanhada com caponata de berinjela e abobrinha.,"Rua David Alves do Vale, 68 | Santa Rosa, Belo Horizonte – MG","Terça, das 17h às 23h | Quarta, das 17h às 23h | Quinta, das 17h às 23h | Sexta, das 17h às 23h | Sábado, das 12h às 22h | Domingo, das 12h às 22h |",O fabuloso discão,31997753957
Amarelim do Prado,,"Bochecha de porco na cama de angu mole, pesto de horta, mandioca e agrião. Acompanha pão e patê de fígado de galinha.","Avenida Francisco Sá, 658 | Prado, Belo Horizonte – MG","Segunda, das 11h à 0h | Terça, das 11h à 0h | Quarta, das 11h à 0h | Quinta, das 11h à 0h | Sexta, das 11h à 0h | Sábado, das 11h à 0h | Domingo, das 11h às 22h |",Trem de roças,31 981084068 / 31 25273847
Andrade’s Beer,,"Ossobuco com purê de batatas, acompanhado de torradas de alho-poró.","Rua Dona Geni, 32 | Jardim Florência (Venda Nova), Belo Horizonte – MG","Segunda, das 16h às 23h | Terça, das 16h às 23h | Quarta, das 16h às 23h | Quinta, das 16h às 23h | Sexta, das 16h às 23h | Sábado, das 14h às 23h | Domingo, das 14h às 23h |",Chora canelinha,31989145104
Arcos Bar,Loja 5,"Acém cozido com ervas finas, acompanhado com batata rústica.","Rua da Bahia, 1144 | Centro, Belo Horizonte – MG","Terça, das 15h às 2h | Quarta, das 15h às 2h | Quinta, das 15h às 2h | Sexta, das 15h às 2h | Sábado, das 15h às 2h | Domingo, das 11h à 0h |",Panela da Diversidade,31984411161
Armazém Santa Amélia,,"Polenta cremosa com ragu de carnes cheio de sabor, agrião fresco, crispy de parmesão e um toque secreto para abrilhantar as Bodas de Prata do Comida di Buteco.","Avenida da Sinfonia, 253 | Santa Amélia, Belo Horizonte – MG","Segunda, das 17h à 1h | Terça, das 17h à 1h | Quarta, das 17h à 1h | Quinta, das 17h à 1h | Sexta, das 17h à 1h | Sábado, das 13h à 1h | Domingo, das 13h às 22h |",Segredo do Armazém,31972174192
Avalanche Espeteria,,"Ossobuco cozido ao molho tradicional, acompanhado com purê de batata e farofinha da casa.","Avenida Doutor Álvaro Camargos, 1113 | São João Batista, Belo Horizonte – MG","Segunda, das 17h à 0h | Terça, das 17h à 0h | Quarta, das 17h à 0h | Quinta, das 17h à 0h | Sexta, das 17h à 0h | Sábado, das 17h à 0h | Domingo, das 15h à 0h |",Milão Maluco,31998990146
Azougue Fogo e Bar,Loja 835,"Língua de boi assada, sobre creme de batata e milho com vinagrete mineiro e redução do caldo da própria língua com cerveja.","Rua do Ouro, 835 | Serra, Belo Horizonte – MG","Terça, das 12h às 15h e das 18h à 0h | Quarta, das 12h às 15h e das 18h à 0h | Quinta, das 12h às 15h e das 18h à 0h | Sexta, das 12h às 15h e das 18h à 0h | Sábado, das 12h às 23h | Domingo, das 12h às 17h |",Língua da vovó Virinha,31971601028
Baiuca,,"Panturrilha suína, mandioca cozida com queijo e manteiga, cebola assada e crispy de couve.","Rua Piauí, 1884 | Funcionários, Belo Horizonte – MG","Terça, das 12h às 21h30 | Quarta, das 12h às 21h30 | Quinta, das 12h às 21h30 | Sexta, das 12h às 21h30 | Sábado, das 12h às 21h30 | Domingo, das 12h às 16h |",Canelada Suína,3132255602
Bar Bambú,,Batata recheada com strogonoff de camarão.,"Rua Divisa Nova, 670 | Salgado Filho, Belo Horizonte – MG","Terça, das 18h às 23h30 | Quarta, das 18h às 23h30 | Quinta, das 18h às 23h30 | Sexta, das 18h às 23h30 | Sábado, das 18h às 23h30 | Domingo, das 18h às 23h30 |",Camarão que dorme?,3130521883
Bar Bendita Baderna,Loja 6,"Coxinhas recheadas para todos os gostos, massa de abóbora com recheio de frango com quiabo, massa de mandioca com recheio de carne de lata (suína) e massa de beterraba com recheio de alho-poró com queijo canastra.","Rua Silva Fortes, 47 | União, Belo Horizonte – MG","Segunda, das 18h à 0h | Quarta, das 18h à 0h | Quinta, das 18h à 0h | Sexta, das 18h à 0h | Sábado, das 12h à 0h | Domingo, das 12h às 18h |",PARABÉNS CDB,31991823030
Bar da Cíntia,,"Língua marinada na cerveja Caracu, cheiro-verde, mandioca cozida na manteiga de garrafa.","Rua Pastor Rui Franco, 257 | São João Batista (Venda Nova), Belo Horizonte – MG","Terça, das 18h às 23h | Quarta, das 18h às 23h | Quinta, das 18h às 23h | Sexta, das 18h às 23h | Sábado, das 15h às 23h | Domingo, das 15h às 22h |",Língua bêbada,3136469725
Bar da Fia,,"Língua bovina com rabada, servida com polenta, quiabo frito e agrião.","Rua dos Astecas, 2722 | Santa Mônica, Belo Horizonte – MG","Terça, das 11h à 0h | Quarta, das 11h à 0h | Quinta, das 11h à 0h | Sexta, das 11h à 0h | Sábado, das 11h à 0h | Domingo, das 11h às 23h |",Língua no rabo,31985402775
Bar da Lu,,"Ossobuco marinado com ervas finas e vinho tinto, acompanhado de polenta coberta com queijo parmesão e muçarela gratinada, crispy de mostarda e torresminho pururuca.","Rua Geralda Marinho, 41 | São João Batista (Venda Nova), Belo Horizonte – MG","Segunda, das 18h às 23h | Quarta, das 18h às 23h | Quinta, das 18h às 23h | Sexta, das 18h às 23h | Sábado, das 12h às 22h | Domingo, das 12h às 18h |",Barril Mineiro Sô,31999327787
Bar da Silvânia,,Maçã de peito com mandioquinha e torradas de pão francês.,"Rua Soares Nogueira, 801 | Camargos, Belo Horizonte – MG","Terça, das 17h à 0h30 | Quarta, das 17h à 0h30 | Quinta, das 17h à 0h30 | Sexta, das 17h à 0h30 | Sábado, das 17h à 0h30 |","Õ trem bão, sô",31993387815
Bar do Bartolomeu,,Bolinho de rabada com catupiry e alho-poró. Acompanhado com molho da casa e molho de geleia de pimenta.,"Rua Arthur Luchesi, 356 | Santa Helena (Barreiro), Belo Horizonte – MG","Terça, das 16h à 0h | Quarta, das 16h à 0h | Quinta, das 16h à 0h | Sexta, das 16h à 0h | Sábado, das 11h às 20h | Domingo, das 11h às 20h |","Bem Bolado, Uai!!",31975479909
Bar do Bem,LOJA 1 E 2,"Miolo de acém cozido na cerveja e tempero da casa, servido com torradas feitas na manteiga e ervas, pão de queijo assado e pastel de vento.","RUA VICENTINA COUTINHO CAMARGOS, 100, BELO HORIZONTE – MG","Terça, das 16h às 23h | Quarta, das 16h às 23h | Quinta, das 16h às 23h | Sexta, das 16h às 23h | Sábado, das 12h às 23h | Domingo, das 12h às 17h |",A Furiosa,31991745708
Bar do Kim,,"Músculo bovino acompanhado de champignon, acompanhado de torradas.","Rua Júlio de Castilho, 1071 | Palmeiras, Belo Horizonte – MG","Segunda, das 18h à 0h | Terça, das 18h à 0h | Quarta, das 18h à 0h | Quinta, das 18h à 0h | Sexta, das 18h à 0h | Sábado, das 12h às 23h | Domingo, das 12h às 23h |",Músculo à moda Kim!,31987768550
Bar do Nelson,,Bolinho de feijoada na cama de couve crispy.,"Avenida Vicente Risola, 1000 | Santa Inês, Belo Horizonte – MG","Terça, das 15h à 0h | Quarta, das 15h à 0h | Quinta, das 15h à 0h | Sexta, das 15h à 0h | Sábado, das 11h à 0h | Domingo, das 11h às 20h |",Bolinho de prata,31996726908
Bar do Primo,,Costelinha com batata e queijo ao molho branco.,"Avenida Amazonas, 4649 | Nova Suíça, Belo Horizonte – MG","Segunda, das 18h à 0h | Terça, das 18h à 0h | Quarta, das 18h à 0h | Quinta, das 18h à 0h | Sexta, das 18h à 0h | Sábado, das 18h à 0h | Domingo, das 18h à 0h |",Custelinha di Buteco,31995323260
Bar do Regis,,"Almôndegas ao molho de tomates, servidas com polenta.","Rua Gávea, 422 | Jardim América, Belo Horizonte – MG","Segunda, das 11h às 15h | Terça, das 11h às 15h e das 17h às 23h | Quarta, das 11h às 23h30 | Quinta, das 11h às 23h30 | Sexta, das 11h às 23h30 | Sábado, das 11h às 23h30 | Domingo, das 11h às 15h30 |",Trilhas de Minas,(31) 971158894(31) 3653-8071
Bar do Romeu,,"Rabada com pé de porco acompanhada de farofa de abacaxi, geleia de pimenta e torradinha.","Rua Aniri, 8 | Guarani, Belo Horizonte – MG","Segunda, das 17h30 à 0h | Terça, das 17h30 à 0h | Quarta, das 17h30 à 0h | Quinta, das 17h30 à 0h | Sexta, das 17h30 à 0h | Sábado, das 12h à 0h | Domingo, das 12h à 0h |",Pé no Rabo,(31) 996549384(31) 98640-2562
Bar dos Meninos,A,"Costelinha suína, marinada em vinho tinto, servida com mostarda em folhas, acompanhada de creme de batata.","Rua Lindolfo Deodoro, 503 | Salgado Filho, Belo Horizonte – MG","Terça, das 17h30 à 0h | Quarta, das 17h30 à 0h | Quinta, das 17h30 à 0h | Sexta, das 17h30 à 0h | Sábado, das 17h30 à 0h |",Bodas de prata,31983803201
Bar Du Du,,"Picadinho de carne de porco ao molho, acompanhado de um creme de batata.","Rua Violeta, 369 | Esplanada, Belo Horizonte – MG","Terça, das 11h às 14h e das 17h30 às 23h | Quarta, das 11h às 14h e das 17h30 às 23h | Quinta, das 11h às 14h e das 17h30 às 23h | Sexta, das 11h às 14h e das 17h30 às 23h | Sábado, das 11h às 22h |",Porco sem vergonha,(31) 3646-1551(31) 98717-0450
Bar e Restaurante Bom Sabor,Loja A,"Fraldinha de boi recheada com carne moída de porco, bacon e muçarela, assado na churrasqueira. Acompanhado de farofa e vinagrete.","Rua Java, 386 | Nova Suíça, Belo Horizonte – MG","Segunda, das 11h à 0h | Terça, das 11h à 0h | Quarta, das 11h à 0h | Quinta, das 11h à 0h | Sexta, das 11h à 0h | Sábado, das 11h à 0h |",Bora Comemorar,3133348205
Bar e Restaurante do Joãozinho,Loja 2 e 3,"Quarteto: carne de lata bovina frita, torresmo pururuca, queijo temperado à moda da casa, molho de alho-poró.","Rua Pinheiro Chagas, 295 | Barreiro, Belo Horizonte – MG","Segunda, das 18h às 23h | Terça, das 18h às 23h | Quarta, das 18h às 23h | Quinta, das 18h às 23h | Sexta, das 18h às 23h | Sábado, das 18h às 23h | Domingo, das 12h às 18h |",Trio Mineiro,31986444529
Bar Estabelecimento,,"Pelotas de rabada com angu de agrião em molho de tomate com cebola e tipracas (tipo bolachas feitas com arroz, feijão roxinho, queijo e especiarias.)","Rua Monte Alegre, 160 | Serra, Belo Horizonte – MG","Terça, das 17h30 à 0h | Quarta, das 17h30 à 0h | Quinta, das 17h30 à 0h | Sexta, das 11h30 às 15h | Sexta, das 17h30 à 0h | Sábado, das 11h30 à 0h | Domingo, das 12h às 18h |",Tipracas,31983921059
Bar Junto Juntinho,,"Costelinha de porco combinada com um purê de mandioca feito com manteiga de garrafa e queijo parmesão, acompanhado de couve crispy e geleia de abacaxi apimentada.","Rua Cura D’Ars, 542 | Prado, Belo Horizonte – MG","Quarta, das 18h à 0h | Quinta, das 18h à 0h | Sexta, das 18h à 0h | Sábado, das 18h à 0h |",Poliamor Culinário,31988068530
Bar Mania Mineira,,Bolinho de mandioca recheado com queijo.,"Rua Paracatu, 1099 | Santo Agostinho, Belo Horizonte – MG","Quarta, das 17h às 22h | Quinta, das 17h às 22h | Sexta, das 17h às 22h | Sábado, das 12h às 18h |",Explosão de Sabor,31985126504
Bar Pompéu,Antigo 1243,"Iscas de filé de frango empanadas nos flocos de arroz, regado ao molho de alho-poró e cream cheese. Acompanha batata frita canoa e molho agridoce de goiabada.","Rua São Miguel, 779 | Itapoã, Belo Horizonte – MG","Segunda, das 12h à 0h | Terça, das 12h à 0h | Quarta, das 12h à 0h | Quinta, das 12h à 0h | Sexta, das 12h à 1h | Sábado, das 12h à 1h | Domingo, das 12h à 0h |",É mas num é,3136653506
Bar Stella,,"Maçã de peito ao molho de vinho, acompanhada de farofa d’água e mandioca na manteiga de garrafa.","Avenida Saramenha, 1599 | Guarani, Belo Horizonte – MG","Segunda, das 12h à 0h | Terça, das 12h à 0h | Quarta, das 12h à 0h | Quinta, das 12h à 0h | Sexta, das 12h à 0h | Sábado, das 12h à 0h | Domingo, das 12h à 0h |",Boi bebum,3134333755
Bar Temático Sta. Teresa,Atrás do Mercado Distrital Sta. Tereza,"Carne de sol, feijão-de-corda, farofa e vinagrete e manteiga de garrafa.","Rua Pirite, 187 | Santa Teresa, Belo Horizonte – MG","Terça, das 17h às 23h30 | Quarta, das 17h às 23h30 | Quinta, das 17h às 23h30 | Sexta, das 17h às 22h30 | Sábado, das 11h às 22h30 | Domingo, das 11h às 17h30 |",#CDB – 25 anos de sucesso – Arrumado,3134814646
Barrigudinha Buteco,,Costelinha de porco ao molho rubi.,"Avenida dos Engenheiros, 1071 | Alípio de Melo, Belo Horizonte – MG","Terça, das 16h30 às 23h30 | Quarta, das 16h30 às 23h30 | Quinta, das 16h30 às 23h30 | Sexta, das 16h30 às 23h30 | Sábado, das 11h30 às 23h30 | Domingo, das 11h30 às 21h |",Bodas no prato: Rib ao molho Rubi,(31) 3443-1156(31) 99839-8899
Barzim dos amigos,,Almôndegas ao sugo com batata recheada.,"Rua Lindolfo de Azevedo, 1263 | Jardim América, Belo Horizonte – MG","Segunda, das 16h à 0h | Terça, das 16h à 0h | Quarta, das 16h à 0h | Quinta, das 16h à 0h | Sexta, das 16h à 0h | Sábado, das 14h à 0h | Domingo, das 12h às 23h |",Porpeta de Buteco,31998561240
Bazin Bar,Loja 3 e 4,Carne de panela acompanhada de angu e ora-pro-nóbis.,"Rua Orozimbo Nonato, 1053 | Dona Clara, Belo Horizonte – MG","Terça, das 17h30 às 23h | Quarta, das 17h30 às 23h | Quinta, das 17h30 às 23h | Sexta, das 17h30 às 23h | Sábado, das 13h às 23h | Domingo, das 13h às 20h |",Bodas de Prata,31972171020
Beco Restaurante,,"Carne bovina cozida na panela de pressão e reduzida no molho à base demi glace. Acompanha nosso creme de mandioca caseira, farofa crocante de panko e crispy de couve.","Rua Tamoios, 232 | Centro, Belo Horizonte – MG","Segunda, das 11h às 22h20 | Terça, das 11h às 22h20 | Quarta, das 11h às 22h20 | Quinta, das 11h às 22h20 | Sexta, das 11h às 22h20 | Sábado, das 11h às 22h20 |",Lá di Casa,3132721489
Benjamin Bar,Praça Geraldo Torres,"Costela bovina regada no molho roti, acompanhada de quirera de milho com queijo canastra meia cura e milho verde cozido.","Rua Coronel José Benjamim, 770 | Padre Eustáquio, Belo Horizonte – MG",Segunda de 11h às 15h | Terça à sexta de 11h às 15h e 17h às 23:30 | Sábado de 12h às 23:30 | Domingo de 11h às 17h,Boizinho no milharal,31 971182111
Boteco 86,,Bolinho de aipim com carne seca e requeijão.,"Rua Jacarina, 86 | Padre Eustáquio, Belo Horizonte – MG","Quarta, das 16h à 0h | Quinta, das 16h à 0h | Sexta, das 16h à 0h | Sábado, das 12h às 23h | Domingo, das 11h às 18h |",Bolinho Nordestino,31996479898
Botequim Buritis,,"Lombinho suíno na lata, acompanhado de mandioquinha frita ao molho cremoso raiz.","Rua Vitório Magnavaca, 39 | Buritis, Belo Horizonte – MG","Segunda, das 11h à 0h | Terça, das 11h à 0h | Quarta, das 11h à 0h | Quinta, das 11h à 0h | Sexta, das 11h à 0h | Sábado, das 11h à 0h | Domingo, das 11h às 23h |",Butequeiro 25,3131664333
Botequim de Lourdes,,"Torresmo de barriga marinado na cachaça, servido com palitinhos de tapioca e geleia de abacaxi com pimenta e canela.","Rua Curitiba, 2039 | Lourdes, Belo Horizonte – MG","Terça, das 17h às 23h / Quarta, das 17h às 23h / Quinta, das 17h às 23h / Sexta, das 12h às 23h / Sábado, das 12h às 23h / Domingo, das 12h às 23h",Rocambole de Torresmo que só no Botequim tem,3136540414
Buteco do Lili,,"Fraldinha de panela ao molho roti, acompanhada de batata ao murro e pães de queijo fritos.","Rua Líbero Badaró, 493 | Dona Clara, Belo Horizonte – MG","Segunda, das 12h às 23h | Terça, das 12h às 23h | Quarta, das 12h às 23h | Quinta, das 12h às 23h | Sexta, das 12h às 23h | Sábado, das 12h às 22h | Domingo, das 12h às 22h |",Sabores de Prata,313582-5246
Buteco do Rod,,"Cambito suíno ao molho de cerveja preta, acima de uma polenta temperada com páprica defumada e espinafre, acompanhado de farofa panko com bacon, finalizado com queijo gouda derretidinho.","Rua José Moura Peçanha, 12 | Ouro Preto, Belo Horizonte – MG","Segunda, das 18h à 0h | Terça, das 18h à 0h | Quarta, das 18h à 0h | Quinta, das 18h à 0h | Sexta, das 17h à 1h | Domingo, das 12h à 0h |",Canela di Butequêro,31992059222
Buteco Tô D’Boa,,"Paleta suína marinada com molho especial e cerveja preta, acompanhada de farofa de bacon crocante, banana-da-terra caramelizada e finalizada com cheiro-verde.","Avenida Virgílio de Melo Franco, 400 | Jardim Atlântico, Belo Horizonte – MG","Segunda, das 16h às 23h | Quarta, das 16h às 23h | Quinta, das 16h às 23h | Sexta, das 16h às 23h | Sábado, das 11h às 23h |",Paleta Suína Mineira,31991871649
Buteco’s Bar,Lj 02,"Porpeta de costelinha com bacon assada, recheada com queijo minas, regada ao molho roti, em cama de canjiquinha, acompanhada de quiabo e molho pesto de couve e coentro.","Rua Ernesto Braga, 2 | Jardim Atlântico, Belo Horizonte – MG","Terça, das 17h às 23h | Quarta, das 17h às 23h | Quinta, das 17h às 23h | Sexta, das 17h à 0h | Sábado, das 14h à 0h | Domingo, das 12h às 21h |",Nuuuu…quebrou minha costelinha!,3192586505
Butiquim On Cê Tá?,,"Almôndega ao molho de tomate, recheada com queijo. Acompanha rodelas de pão francês.","Avenida Gen. Olímpio Mourão Filho, 754 | Itapoã, Belo Horizonte – MG","Terça, das 17h às 23h | Quarta, das 17h às 23h | Quinta, das 17h às 23h | Sexta, das 17h às 23h | Sábado, das 12h às 23h | Domingo, das 12h às 20h |",Almôndega da Mamma Tereza,(31) 99183-4727(31) 3443-2207
Café Bahia,,"Defumados de porco e carne de sol no feijão-vermelho, pelinha crocante, polentinha mineira e mostarda refogada.","Rua Tupis, 369 | Centro, Belo Horizonte – MG","Segunda, das 12h às 22h | Terça, das 12h às 22h | Quarta, das 12h às 22h | Quinta, das 12h às 22h | Sexta, das 12h às 22h | Sábado, das 12h às 22h |",Trupiquei no Bahia,31983022514
Café Palhares,,"Polpetas de berinjela com queijo parmesão, muçarela, manjericão e salsinha. Servidas com pasta de grão-de-bico.","Rua dos Tupinambás, 638 | Centro, Belo Horizonte – MG","Segunda, das 10h às 16h | Terça, das 10h às 16h | Quarta, das 10h às 16h | Quinta, das 10h às 16h | Sexta, das 10h às 18h | Sábado, das 10h às 15h |",Polpeta de Berinjela com Dois Queijos,3132011841
Camisola Bar,,"Costela de boi cozida na cerveja preta, acompanhada com um purê de mandioca com queijo.","Rua Luther King, 242 | Cidade Nova, Belo Horizonte – MG","Terça, das 18h à 0h | Quarta, das 18h à 0h | Quinta, das 18h à 0h | Sexta, das 18h à 0h | Sábado, das 12h à 0h | Domingo, das 12h às 17h |",Costela Mineira,31999486915
Canela Amarela,Loja 20,"Almôndegas bovinas sobre a cama de creme de queijos, acompanhadas de torradas de pão de alho e finalizada com tomatinho e manjericão. Acompanha molho da casa.","Praça Leonardo Gutierrez, 195 | Gutierrez, Belo Horizonte – MG","Terça, das 12h às 23h | Quarta, das 12h às 23h | Quinta, das 12h às 23h | Sexta, das 12h às 23h | Sábado, das 11h30 às 22h | Domingo, das 11h às 18h |",Bola na Rede,3136540414
Cantina Arte Quintal,,"Fraldinha assada flambada na cachaça e cerveja com calda de maracujá, farofa de alho-poró e banana frita curtida ao bacon.","Rua Realengo, 150 | Caiçara, Belo Horizonte – MG","Terça, das 18h às 23h | Quarta, das 18h às 23h | Quinta, das 18h às 23h | Sexta, das 17h às 23h | Sábado, das 14h às 23h | Domingo, das 14h às 23h |",Fraldinha Assada na Cachaça e Cerveja,31999476695
Cantinho da Baiana,,"Tiras de galeto, envoltas em casquinha crocante de queijo parmesão. Acompanhados por creme de bacon crispy.","Avenida Itaité, 422 | São Geraldo, Belo Horizonte – MG","Quarta, das 17h30 às 23h | Quinta, das 17h30 às 23h | Sexta, das 17h30 às 23h | Sábado, das 13h30 às 23h | Domingo, das 13h30 às 22h |",Mineirou nos 25,31997627848
Casa da Madrinha,Loja 7,Polenta crocante com ragu de frango com quiabo e o toque inconfundível do queijo minas.,"Avenida Barbacena, 212 | Barro Preto, Belo Horizonte – MG",Segunda à quarta das 10h às 16h | Quinta à sabado das 10h às 22h |,Bem Mineiro,3130474787
Cervejaria Pajé,,"Amassado de mandioca amarela, temperada e recheada com bacon e queijo, acompanhado de calda de abacaxi ‘smooth Cayenne’ e molho ‘Buffalo’ picante.","Avenida Capim Branco, 419 | Vista Alegre, Belo Horizonte – MG",Segunda-feira: 18:00 – 00:00 | Terça-feira: 18:00 – 00:00 | Quarta-feira: 18:00 – 00:00 | Quinta-feira: 18:00 – 00:00 | Sexta-feira: 18:00 – 01:00 | Domingo: 16:00 – 22:00 | Segunda-feira: 11:00 – 14:30 | Terça-feira: 11:00 – 14:30 | Quarta-feira: 11:00 – 14:30 | Quinta-feira: 11:00 – 14:30 | Sexta-feira: 11:00 – 14:30 | Sábado: 11:00 – 01:00,XUKURU KARIRI,31985946820
Chapa Mágica,,Purê de inhame com bacon.,"Avenida Waldomiro Lobo, 305 | Guarani, Belo Horizonte – MG","Segunda, das 11h à 0h | Terça, das 11h à 0h | Quarta, das 11h à 0h | Quinta, das 11h à 0h | Sexta, das 11h à 0h | Sábado, das 11h à 0h | Domingo, das 11h à 0h |",Incangado de inhame com bacon dona Biu,(31) 3213-0058(31) 97523-4848
Choperia América Norte Sul,,"Pastel recheado com carne bovina defumada e desfiada, muçarela, palmito, cebola, azeitona, requeijão. Acompanha molho da casa e salada de agrião e tomate.","Rua Chico Rei, 190 | Estrela do Oriente, Belo Horizonte – MG","Terça, das 17h às 23h | Quarta, das 17h às 23h | Quinta, das 17h às 23h | Sexta, das 17h às 23h | Sábado, das 12h às 23h | Domingo, das 12h às 23h |",Tira gosto escondido,31995922703
Chopp da Esquina,,"Bife a rolê, acompanha farofa de torresmo.","Rua Garret, 263 | Nova Granada, Belo Horizonte – MG","Terça, das 17h à 0h | Quarta, das 17h à 0h | Quinta, das 17h à 0h | Sexta, das 17h à 0h | Sábado, das 12h à 0h | Domingo, das 12h às 20h |",Rolê do Chopp,31971407790
Companhia do Dino,,Barriga frita com geleia de pimenta e mandioca na manteiga de garrafa.,"Avenida Joaquim Clemente, 682 | Floramar, Belo Horizonte – MG","Terça, das 17h à 0h | Quarta, das 17h à 0h | Quinta, das 17h à 0h | Sexta, das 17h à 0h | Sábado, das 17h à 0h | Domingo, das 17h à 0h |",Barriga do Dino,31993418788
Conectados Bar,,"Cozido de joelho de porco e pernil com especiarias, servido sobre creme de mandioca ao alho, acompanhado de farofa de milho amanteigado e banana-da-terra.","Avenida Francisco Sá, 280 | Prado, Belo Horizonte – MG","Terça, das 17h às 23h30 | Quarta, das 17h às 23h30 | Quinta, das 17h às 23h30 | Sexta, das 17h às 23h30 | Sábado, das 15h às 23h30 | Domingo, das 15h às 22h30 |","Ajoelhou, vai ter que rezar!",(31) 99638-1822(31) 3568-8130
COSMOS,,"Tiras de picanha, alcatra e maminha ao molho de cerveja preta, com batata tipo chips e creme de alho.","Avenida Vicente Risola, 1305 | Santa Inês, Belo Horizonte – MG","Terça, das 17h às 23h | Quarta, das 17h às 23h | Quinta, das 17h às 23h | Sexta, das 17h às 23h | Sábado, das 17h às 23h | Domingo, das 17h às 23h",Meteoro – Explosão de sabores,31991203515
Deck Boi na Brasa,Loja 05 e 06,"Tulipas de frango assadas na brasa, envolvidas em um molho agridoce da casa com um toque de goiabada, servidas com minibatatas rústicas e banana-da-terra mini fritas, regadas ao molho de ervas.","Rua Desembargador José Satyro, 302 | Castelo, Belo Horizonte – MG","Segunda, das 17h às 23h35 | Terça, das 17h às 23h35 | Quarta, das 17h às 23h35 | Quinta, das 17h às 23h35 | Sexta, das 17h às 23h35 | Sábado, das 17h às 23h35 |",Tulipa do Cheff,31971830748
Dona Dora,,"Purê rústico de mandioca com ragu de alcatra, fonduta de queijo canastra e crispy de couve.","Rua Rio de Janeiro, 1205 | Centro, Belo Horizonte – MG","Segunda, das 17h às 23h | Terça, das 17h às 23h | Quarta, das 17h às 23h | Quinta, das 17h às 23h | Sexta, das 17h às 23h | Sábado, das 17h às 23h |",Boleco (Bolo di Buteco),31992278879
Dona Ju Gastro Bar,Loja 03,"Joelho de porco marinado em especiarias, cozido na cerveja e acompanhado de angu de milho verde e couve passada no azeite. E ambrosia de sobremesa para comemorar os 25 anos do CDB.","Estrada dos Borges, 1520 | Jardim Vitória, Belo Horizonte – MG","Terça, das 17h à 0h | Quarta, das 17h à 0h | Quinta, das 17h à 0h | Sexta, das 11h à 0h | Sábado, das 11h à 0h | Domingo, das 11h à 0h |",Jú-elhoo,31992534428
Dona Suica,,"Sobrecoxa desossada e assada, polenta de milho verde com bacon e queijo e farofinha com quiabo grelhado.","Rua João Samaha, 390 | São João Batista (Venda Nova), Belo Horizonte – MG","Terça, das 18h às 23h30 | Quarta, das 18h às 23h30 | Quinta, das 18h às 23h30 | Sexta, das 18h às 23h30 | Sábado, das 12h às 23h30 | Domingo, das 12h às 23h30 |",Prata da Casa,31992939701
Ember BBQ,,"Cupim defumado em lenha de macieira. Servido sobre angu de milho verde com queijo minas, acompanhado de couve crispy e pimenta jalapeño.","Rua São Romão, 460 | São Pedro, Belo Horizonte – MG","Segunda, das 11h30 às 15h30 | Terça, das 11h30 às 23h30 | Quarta, das 11h30 às 23h30 | Quinta, das 11h30 às 23h30 | Sexta, das 11h30 às 23h30 | Sábado, das 11h30 às 23h30 | Domingo, das 11h30 às 17h30 |",Cupim Sertanejo,313582-9898
Espetinho do Boi,,Almôndega selada no forno com cobertura de queijo ao molho especial.,"Rua Professor Tristão da Cunha, 183 – Planalto, Belo Horizonte – MG","Terça, das 12h às 23h | Quarta, das 12h às 23h | Quinta, das 12h às 23h | Sexta, das 12h às 23h | Sábado, das 12h às 23h | Domingo, das 12h às 17h |",Brigadeiro do Boi,31991215352
Espetinhos do Paulão,,"Língua de boi recheada com bacon e cenoura ao molho madeira. Acompanha dois minipães italianos recheados com vinagrete de tomate, cebola temperada com chimichurri de limão e azeite, com muçarela gratinada e manjericão desidratado.","Rua Álvaro Mata, 466 | Nova Cachoeirinha, Belo Horizonte – MG","Terça, das 17h às 23h30 | Quarta, das 17h às 23h30 | Quinta, das 17h às 23h30 | Sexta, das 17h às 23h30 | Sábado, das 14h às 23h30 | Domingo, das 14h às 19h |",Vaca Faladeira,31998509073
Espettinho.com,Lojas 05 e 07,Almôndegas suínas gratinadas com molho de tomate caseiro e muçarela. Acompanha 1 Espetinho de ‘Sacanagem’ e um licor de doce de leite de entrada.,"Rua Eli Seabra Filho, 510 | Buritis, Belo Horizonte – MG","Terça, das 17h às 23h30 | Quarta, das 17h às 23h30 | Quinta, das 17h às 23h30 | Sexta, das 17h às 23h30 | Sábado, das 15h às 23h30 | Domingo, das 15h às 21h30 |",Mineirinho Gratinado 2.5,(34) 99915-7000(31) 99915-2800
Fogão de Minas,,Petisco de tropeiro.,"Avenida Doutor Cristiano Guimarães, 1911 | Planalto, Belo Horizonte – MG","Segunda, das 11h às 15h e das 18h à 0h | Terça, das 11h às 15h e das 18h à 0h | Quarta, das 11h às 15h e das 18h à 0h | Quinta, das 11h às 15h e das 18h à 0h | Sexta, das 11h às 15h e das 18h à 0h | Sábado, das 11h às 16h e das 18h à 0h | Domingo, das 11h às 16h e das 18h à 0h |",Tropa de Elite,3134914152
Garagge Vintage,,"Maminha cozida marinada no vinho tinto, servida com molho madeira, acompanhada de purê de abóbora moranga com bacon frito triturado e chips de massa de lasanha.","Avenida Doutor Cristiano Guimarães, 1258 | Planalto, Belo Horizonte – MG","Segunda, das 17h às 23h | Terça, das 17h às 23h | Quarta, das 17h às 23h | Quinta, das 17h às 23h | Sexta, das 17h à 0h | Sábado, das 11h à 0h | Domingo, das 11h às 22h |",Bão Também,31999778888
Geraldin da Cida,,Alcatra com farofa de jiló com bacon. Acompanha uma sobremesa de doce de leite com castanha e bacon.,"Rua Contria, 1459 | Grajaú, Belo Horizonte – MG","Terça, das 16h às 23h | Quarta, das 16h às 23h | Quinta, das 16h às 23h | Sexta, das 16h às 23h | Sábado, das 11h às 20h | Domingo, das 11h às 19h |","Sô mineiro, uai!",(31) 998322265
Golden Grill,,"Costelão de boi marinado em ervas finas acompanhado de purê de mandioca aligot, farofa crocante e molho agridoce especial.","Rua Amílcar Cabral, 515 | Milionários, Belo Horizonte – MG","Terça, das 17h à 0h | Quarta, das 17h à 0h | Quinta, das 17h à 0h | Sexta, das 17h à 0h | Sábado, das 11h à 0h | Domingo, das 11h à 0h |",Costelão dos Deuses,31998205528
Iracema Bar,,"Harumaki, também conhecido como rolinho primavera, recheado com uma carne de panela cozida com especiarias. Servido com um molho agridoce e picante.","Rua Almandina, 56 | Santa Teresa, Belo Horizonte – MG","Quarta, das 18h à 0h | Quinta, das 18h à 0h | Sexta, das 18h à 0h | Sábado, das 12h à 0h | Domingo, das 12h às 19h |",Harumaki de Carne de Panela,31995320617
Ivo Grill,,"Kafta defumada na brasa harmonizada com sour cream, geleia de pimentas vermelhas e cebola em tiras crocantes.","Rua Professor Tristão da Cunha, 183 | Planalto, Belo Horizonte – MG","Terça, das 11h às 23h | Quarta, das 11h às 23h | Quinta, das 11h às 23h | Sexta, das 11h às 23h | Sábado, das 11h às 23h | Domingo, das 11h às 18h |",Kafajeste,3130470171
Já To Inno,,"Kafta de lata, acompanhada de caponata de tomate com bacon e linguiça regados com angu à moda da casa gratinado com queijo.","Rua Benjamim Dias, 379 | Barreiro, Belo Horizonte – MG","Segunda, das 17h30 às 23h30 | Terça, das 17h30 às 23h30 | Quarta, das 17h30 às 23h30 | Quinta, das 17h30 às 23h30 | Sexta, das 17h30 às 23h30 | Sábado, das 12h às 23h |",Moderação,3133841198
Juzé Bar,Loja 5,"Carne cozida desfiada ao molho, servida na panhoca, acompanhada de macaxeira cozida na manteiga de garrafa ao alho e cebola caramelizada.","Rua Carlos Sá, 180 | Jardim Atlântico, Belo Horizonte – MG","Terça, das 16h à 0h | Quarta, das 16h à 0h | Quinta, das 16h à 0h | Sexta, das 16h à 0h | Sábado, das 12h à 0h | Domingo, das 12h às 22h |","Macaxeira no buraco quente, com sabor de quero+",31989025128
Köbes Emporium Bar,A,"Asas de porco com molho à moda da casa, sobre purê de batata com açafrão.","Rua Professor Raimundo Nonato, 31 | Santa Tereza, Belo Horizonte – MG","Terça, das 18h às 23h | Quarta, das 18h às 23h | Quinta, das 18h às 23h | Sexta, das 18h às 23h30 | Sábado, das 12h às 23h | Domingo, das 12h às 18h |",Asas da Imaginação,3134676661
Koqueiros Bar,,"Berinjela empanada e frita servida ao molho à bolonhesa em uma cama de requeijão cremoso, coberta de muçarela. Acompanha pasteizinhos de vento da casa.","Avenida Silviano Brandão, 1293 | Sagrada Família, Belo Horizonte – MG","Terça, das 18h às 23h | Quarta, das 18h às 23h | Quinta, das 18h às 23h | Sexta, das 18h às 23h30 | Sábado, das 14h às 23h30 | Domingo, das 14h às 18h |","Duvidei, mas amei!",3125107025
Lá Ele Bar,169 Loja de esquina,"Maçã de peito cozida com legumes, acompanhada de farofa da casa, LAELEgrete e pão.","Av. General Carlos Guedes, 165 | Planalto, Belo Horizonte – MG","Terça, das 18h às 23h | Quarta, das 18h às 23h | Quinta, das 18h às 23h | Sexta, das 18h às 23h | Sábado, das 12h às 23h | Domingo, das 12h às 21h |",Peitin Moído,31971321361
Leo da Quadra,,"Bisteca bovina, acompanhada de pirão e torradas.","Rua Oliveira Lisboa, 107 | Barreiro, Belo Horizonte – MG","Terça, das 18h às 23h30 | Quarta, das 18h às 23h30 | Quinta, das 18h às 23h30 | Sexta, das 18h às 23h30 | Sábado, das 12h às 23h | Domingo, das 12h às 17h |",Lembe os beiço,31996739688
Locomotiva’s Bar,,"Trouxinha recheada com cupim marinado na cachaça e queijo canastra, acompanha maionese de alho.","Rua Carmésia, 568 | Santa Inês, Belo Horizonte – MG","Terça, das 16h às 23h | Quarta, das 16h às 23h | Quinta, das 16h às 23h | Sexta, das 16h às 23h | Sábado, das 12h às 21h | Domingo, das 12h às 19h |",CUPIM: Embriagado e trouxa,31991773039
Magnífico Quintal,,"Frango assado com molho, batata recheada e pepino agridoce.","Rua Jefferson de Oliveira, 56 | Santa Amélia, Belo Horizonte – MG","Segunda, das 17h à 0h | Terça, das 17h à 0h | Quarta, das 17h à 0h | Quinta, das 17h à 0h | Sexta, das 17h às 01h30 | Sábado, das 16h às 01h30 | Domingo, das 15h às 22h30 |",Cocoricó,31999882311
Magrelo’s Bar,,"Maçã de peito marinada em vinho tinto com ervas aromáticas, servida com polenta cremosa gratinada com queijo canastra e bolinhos de aipim, acompanhados de aioli de rúcula fresco.","Avenida Serrana, 635 | Serrano, Belo Horizonte – MG","Terça, das 17h às 23h | Quarta, das 17h às 23h | Quinta, das 17h às 23h | Sexta, das 17h à 0h | Sábado, das 17h à 0h | Domingo, das 15h às 21h |",Amigos do Peito,(31) 99838-8998(31) 3475-0113
Mamute Bar,,"Bife rolê recheado com cenoura e carne de linguiça acompanhado de batata sauté, couve crispy e farofa da vovó.","Rua Brás Cubas, 116 | Cruzeiro, Belo Horizonte – MG","Terça, das 17h às 22h | Quarta, das 17h às 22h | Quinta, das 17h às 22h | Sexta, das 17h às 22h | Sábado, das 12h às 22h | Domingo, das 12h às 18h |",C Tá de Parabéns!,(31) 98403-3247
Marina’s Bar,,"Asinha de frango frita, marinada na laranja e ervas, coberta de queijo muçarela, acompanhada com creme de alho-poró e gengibre picante e fritas.","Rua José Baroni, 13 | Santa Efigênia, Belo Horizonte – MG","Terça, das 16h à 0h | Quarta, das 16h à 0h | Quinta, das 16h à 0h | Sexta, das 12h à 0h | Sábado, das 12h à 0h | Domingo, das 12h à 0h |",Estrem voa!,31996156963
Mineiros Beer,,"Costelinha suína assada lentamente, servida com molho de queijo canastra, barbecue de goiabada e farofa torrada.","Rua Romualdo Lopes Cançado, 399 | Castelo, Belo Horizonte – MG","Segunda, das 11h às 16h | Terça, das 17h à 0h | Quarta, das 17h à 0h | Quinta, das 17h à 0h | Sexta, das 17h à 0h | Sábado, das 17h à 0h | Domingo, das 11h às 16h | Terça, das 11h às 16h | Quarta, das 11h às 16h | Quinta, das 11h às 16h | Sexta, das 11h às 16h | Sábado, das 11h às 16h |",Costela de Romeu e Julieta,3121273503
Mulão,,"Chã de fora recheada com calabresa no molho de cebola caramelizada no açúcar queimado. Acompanha purê de batatas, pimenta-biquinho, cebolinha.","Rua Marambaia, 291 | Caiçara, Belo Horizonte – MG","Segunda, das 17h à 0h | Terça, das 17h à 0h | Quarta, das 17h à 0h | Quinta, das 17h à 0h | Sexta, das 17h à 0h | Sábado, das 11h à 0h |",Mullé,3134126505
Nosso Spetim,,"Língua ao molho madeira, com fatia de pães e um espetinho de medalhão de batata recheada com queijo minas acompanhado de geleia biquinho.","Rua dos Astecas, 3219 | Santa Mônica, Belo Horizonte – MG","Segunda, das 18h à 0h | Terça, das 18h à 0h | Quarta, das 18h à 0h | Quinta, das 18h à 0h | Sexta, das 18h à 0h | Sábado, das 18h à 0h |",Língua de Dois Amores,31987079188
O Fino do Alho,,"Carne de panela, temperada com especiarias, acompanhada de mandioca cozida no suco de beterraba e açafrão, finalizada com crispy de bacon e banana-da-terra.","Rua Capitão Sérgio Pires, 41 | Minascaixa, Belo Horizonte – MG","Segunda, das 17h à 0h | Terça, das 17h à 0h | Quarta, das 17h à 0h | Quinta, das 17h à 1h | Sexta, das 17h à 1h | Sábado, das 17h à 1h | Domingo, das 17h à 0h |",SôdaTerra,31988275391
Oratório Bar,,"Costelinha de porco assada, finalizada com molho barbecue e guarnecida em cama de farofa crocante, acompanhada de uma maçã caramelizada.","Avenida Brasil, 161 | Santa Efigênia, Belo Horizonte – MG","Segunda, das 18h à 0h | Terça, das 18h à 0h | Quarta, das 18h à 0h | Quinta, das 18h à 0h | Sexta, das 18h à 0h | Sábado, das 12h à 0h |",Costela de Adão,3132417112
Parada 10.95 Bar,,Uma adaptação do tradicional prato belgo-holandês carbonnade flamande. Carne bovina marinada na cerveja e cozida lentamente. Acompanha purê de mandioca e batata crocante.,"Avenida dos Engenheiros, 1095 | Alípio de Melo, Belo Horizonte – MG","Segunda, das 11h30 às 14h30 | Terça, das 11h30 às 23h | Quarta, das 11h30 às 23h | Quinta, das 11h30 às 23h | Sexta, das 11h30 às 23h | Sábado, das 12h às 23h | Domingo, das 12h às 20h |",Parada Holandesa,31997001095
Parada do Sabor,Loja A,"Coração de boi recheado com: bacon, linguiça, cenoura. Acompanha farofa, batata bolinha assada e molho glace.","Avenida General Carlos Guedes, 346 | Planalto, Belo Horizonte – MG","Segunda, das 12h às 23h | Quarta, das 12h às 23h | Quinta, das 12h às 23h | Sexta, das 12h às 23h | Sábado, das 12h às 23h | Domingo, das 12h às 20h |",Coração do Parada,31988995343
Pé de Cana,,"Bolo suíno recheado de queijo, acompanhado de molho de tomate, cobertura de muçarela e “confetes” de tomate, batatinha e cebola assadas.","Rua Flórida, 15 | Sion, Belo Horizonte – MG","Segunda, das 11h à 0h | Terça, das 11h à 0h | Quarta, das 11h à 0h | Quinta, das 11h à 0h | Sexta, das 11h à 0h | Sábado, das 11h à 0h | Domingo, das 11h às 18h |",É PRAAATA!!!É PRAAAATA!!,3132212099
Pé de Goiaba,"ou Rua Castro Alves, 195","Lombo com queijo ao molho de abacaxi picante, farofa de bacon, torresminho à pururuca e couve.","Avenida Amazonas, 4676 | Nova Suíssa, Belo Horizonte – MG","Terça, das 18h às 23h | Quarta, das 18h às 23h | Quinta, das 18h às 23h | Sexta, das 18h às 23h | Sábado, das 12h às 22h |",Bodas de Prata – 25 ANOS JUNTOS,(31) 3347-9425
Planeta Lúpulo,,"Cestinhas de massa crocante recheadas com aligot de batata e queijo e fraldinha cozida na cerveja stout. Acompanhadas com biscoitos de queijo, farofa de bacon e couve crispy.","Avenida Guarapari, 108 | Santa Amélia, Belo Horizonte – MG","Segunda, das 17h à 0h | Terça, das 17h à 0h | Quarta, das 17h à 0h | Quinta, das 17h à 0h | Sexta, das 17h à 0h | Sábado, das 13h à 1h | Domingo, das 13h à 0h |",Cestinha das Gerais,3136461088
PoiZé Bar e Petisqueira,"Loja 2, 3, 4 e 5",Versão desconstruída do escondidinho. Creme de moranga com carne do sertão e cebola. Acompanha molho de cebola roxa.,"Rua Pium-I, 686 | Cruzeiro, Belo Horizonte – MG",Terça de 17:00:00 à 00:00:00 | Quarta de 17:00:00 à 00:00:00 | Quinta de 17:00:00 à 00:00:00 | Sexta de 17:00:00 à 00:00:00 | Sabado de 12:00:00 à 00:00:00 | Domingo de 12:00:00 à 18:00:00 |,Aparecidinho do Zé,31997760076
Prado Beer,,"Angu com carne de panela, chips de jiló e molho à base de milho e cachaça.","Avenida Francisco Sá, 590 | Prado, Belo Horizonte – MG","Segunda, das 12h à 0h | Terça, das 12h à 0h | Quarta, das 12h à 0h | Quinta, das 12h à 0h | Sexta, das 12h à 0h | Sábado, das 12h à 0h | Domingo, das 12h às 22h |",Amontadinho,(31) 2551-7794(31) 3267-4410
Prosa Boa,,"Costela bovina braseada, acompanhada de batatinhas temperadas, antepasto de azeitonas e tomatinhos e farofa crocante de bacon.","Avenida Doutor Cristiano Guimarães, 1480 | Planalto, Belo Horizonte – MG","Terça, das 18h30 às 23h30 | Quarta, das 18h30 às 23h30 | Quinta, das 18h30 às 23h30 | Sexta, das 18h30 às 23h30 | Sábado, das 11h30 às 23h30 | Domingo, das 11h30 às 20h |",Roendo até os ossos,(31) 3643-9840(31) 98528-4061
Quinteiro Bar e Restaurante,,"Massa de fubá com queijo, patinho desfiado com molho, tartar de tomate e cream cheese caseiro temperado.","Rua Salinas, 1008 | Floresta, Belo Horizonte – MG","Quarta, das 18h à 0h | Quinta, das 18h à 0h | Sexta, das 18h à 0h | Sábado, das 15h à 1h | Domingo, das 12h às 18h |",Vou comer seu bolo,31994705205
Quioxque Botequim Carioca,,Bolo de mandioca na manteiga de garrafa recheado com carne seca e cobertura de cebola caramelizada e glacê de fonduta de queijo,"Rua Henrique Badaró Portugal, 157 | Buritis, Belo Horizonte – MG","Segunda, das 11h30 à 0h | Terça, das 11h30 à 0h | Quarta, das 11h30 à 0h | Quinta, das 11h30 à 0h | Sexta, das 11h30 à 0h | Sábado, das 11h30 à 0h | Domingo, das 11h30 às 19h |",Estamos de Parabéns,31984778708
Quitandas da Tia Nice Bar,Loja 2,"Disco de carne recheada com provolone, acompanhado de molhos especiais da casa e cachaça artesanal.","Rua Alabastro, 146 | Sagrada Família, Belo Horizonte – MG","Segunda, das 7h às 23h30 | Terça, das 7h às 23h30 | Quarta, das 7h às 23h30 | Quinta, das 7h às 23h30 | Sexta, das 7h às 23h30 | Sábado, das 7h às 23h30 |",QUÊ SÉ QUÉ!,3198240120
Rancho do Manoel,,Maçã de peito acompanhada de purê de moranga e farofa da casa.,"Rua Isabel Bueno, 1100 | Jaraguá, Belo Horizonte – MG","Terça, das 17h às 23h | Quarta, das 17h às 23h | Quinta, das 17h às 23h | Sexta, das 17h às 23h | Sábado, das 11h às 23h | Domingo, das 11h às 23h |",Trem Bão Sô!,3134277666
Recanto Vovó Tela,,"Picanha suína assada, marinada em limão pepper e páprica picante, acompanhada de minicebola empanada, farofa de ervilha e chutney de abacaxi com pimenta-dedo-de-moça.","Rua Tenente Marino Freire, 270 | Maria Helena, Belo Horizonte – MG","Terça, das 18h à 0h | Quarta, das 18h à 0h | Quinta, das 18h à 0h | Sexta, das 18h à 0h | Sábado, das 18h à 1h | Domingo, das 18h à 0h |",DE “25” 10 TMJ,31985099625
Regis Bar,,Costelinha ao molho de abacaxi com mandioca e cebola.,"Avenida Vinte e Oito de Setembro, 872 | Esplanada, Belo Horizonte – MG","Terça, das 16h à 0h | Quarta, das 16h à 0h | Quinta, das 16h à 0h | Sexta, das 16h à 0h | Sábado, das 10h às 21h | Domingo, das 10h às 21h |",Trio parada dura,31987862438
Rei do Peixe,,"Bolinho de tilápia recheado com tilápia e queijo, acompanhado com molho verde e geleia de pimenta.","Rua Ramalho Ortigão, 735 | Santa Branca, Belo Horizonte – MG","Terça, das 17h às 23h30 | Quarta, das 17h às 23h30 | Quinta, das 17h às 23h30 | Sexta, das 17h à 0h | Sábado, das 13h à 0h | Domingo, das 13h às 22h |",Bolinhos Bodas de Prata,31972669782
Resenha da Naty,,"Bolinho de linguiça suína, recheado de muçarela e um toque de limão para finalizar.","Rua Gonçalves Ledo, 288 | Cachoeirinha, Belo Horizonte – MG","Terça, das 18h às 23h | Quarta, das 18h às 23h | Quinta, das 18h às 23h | Sexta, das 18h às 23h | Sábado, das 18h às 23h |",Trem Bão Demais Sô,31999284873
Restaurante Jorge Americano,Loja 150 – Mercado Central,"Rabada ensopada, servido com batata bolinha. Acompanhada de farofa de torresmo e vinagrete de agrião.","Avenida Augusto de Lima, 744 | Centro, Belo Horizonte – MG","Segunda, das 11h30 às 17h30 | Terça, das 11h30 às 17h30 | Quarta, das 11h30 às 17h30 | Quinta, das 11h30 às 17h30 | Sexta, das 11h30 às 17h30 | Sábado, das 11h30 às 17h30 | Domingo, das 11h às 13h",Rabada do Jorge Americano,31988220298
S.O.S PUB,,"Enroladinho de sururu com batata, enroladinho de lombo de porco com abacaxi cozido, enroladinho de feijoada e um miniempadão de frango e pernil com linguiça molhadinho. Todos acompanhados pelo molho especial da casa.","Rua Padre José Maurício, 1126 | Vista Alegre, Belo Horizonte – MG","Segunda, das 17h à 1h | Terça, das 17h à 1h | Quarta, das 17h à 1h | Quinta, das 17h à 1h | Sexta, das 17h à 1h | Sábado, das 17h à 1h | Domingo, das 17h à 1h |",Socorro do Mineiro,31992950703
Santa Boemia,Loja 5,"Bolinhos de feijoada, recheados com calabresa e couve, acompanhados de torresminho pururuca, vinagrete da casa, laranja e uma dose de cachaça.","Rua Mármore, 534 | Santa Tereza, Belo Horizonte – MG","Quarta, das 17h à 1h | Quinta, das 17h à 1h | Sexta, das 17h à 1h | Sábado, das 11h à 1h | Domingo, das 11h às 22h |",Sextou BB!,(31) 99132-2623
Santuário Retrô,,"Trouxinhas de lombo suculento, marinado por 12 horas no tempero da casa com especiarias, envolto em fatias de bacon e recheado com surpresas inspiradas nos ingredientes das edições históricas do Comida di Buteco.","Avenida Padre Vieira, 150 | Minas Brasil, Belo Horizonte – MG","Terça, das 17h às 23h | Quarta, das 17h às 23h | Quinta, das 17h às 23h | Sexta, das 17h às 23h | Sábado, das 11h às 23h | Domingo, das 11h às 19h |",Presentim Retrô,31992084950
Seu Braz,2º andar,"Contrafilé flambado na cachaça ao creme, acompanhado de mandioca na manteiga de garrafa com queijo gratinado e bacon crocante.","Avenida Portugal, 4325 | Itapoã, Belo Horizonte – MG","Terça, das 17h à 0h | Quarta, das 17h à 0h | Quinta, das 17h à 0h | Sexta, das 17h à 0h | Sábado, das 17h à 0h | Domingo, das 17h à 0h |",Contrafilé flambado na cachaça,31987807518
Silvio’s Bar,,"Coxinha da asa de frango empanada, acompanha batata rústica e molho parmesão e ervas.","Rua Begônia, 199 | Esplanada, Belo Horizonte – MG","Segunda, das 17h às 23h | Terça, das 17h às 23h | Quarta, das 17h às 23h | Quinta, das 17h às 23h | Sexta, das 17h às 23h | Sábado, das 12h às 23h |",Frangônia,3133183273
Sinhá Erozitha Bistrôteco,,Panturrilha suína no seu molho com legumes grelhados.,"Rua Santo Amaro, 257 | Sagrada Família, Belo Horizonte – MG","Terça, das 19h à 0h | Quarta, das 19h à 0h | Quinta, das 19h à 0h | Sexta, das 19h à 0h | Sábado, das 14h à 0h |","Êêêê, lasqueira!!!",31998862655
Sô Bar,Lojas 2 e 3,"Maçã de peito com batatas cozidas, farofa de torresmo e espetinho de torresmo de barriga com pimenta agridoce.","Avenida Altamiro Avelino Soares, 426 | Castelo, Belo Horizonte – MG","Segunda, das 11h às 23h | Terça, das 11h às 23h | Quarta, das 11h às 23h | Quinta, das 11h às 23h | Sexta, das 11h às 23h | Sábado, das 11h às 23h |",Sô o Mio,31992797084
Spetim,,"Língua de boi, fatiada bem fininha, num encorpado molho de tomate e manjericão, acompanhada por um mineiríssimo angu de moinho d’água e mostarda passadinha na panela.","Rua Ilacir Pereira Lima, 518 | Silveira, Belo Horizonte – MG","Segunda, das 11h às 23h30 | Terça, das 11h às 23h30 | Quarta, das 11h às 23h30 | Quinta, das 11h às 23h30 | Sexta, das 11h às 23h30 | Sábado, das 11h à 0h | Domingo, das 11h às 23h30 |",Tá na boca do povo,3134821232
Tanganica Art Bar,Entrada pela garagem,"Kibes de beterraba recheados com requeijão vegano, fuxicos de inhame com alho poró, pasteizinhos com recheio de chimeji preto e croquetinhos de abóbora vermelha recheados com ora-pro-nóbis.","Rua Padre Demerval Gomes, 380 | Coração Eucarístico, Belo Horizonte – MG","Quarta, das 11h30 às 13h30 e das 18h às 22h30 | Quinta, das 11h30 às 13h30 e das 18h às 22h30 | Sexta, das 11h30 às 13h30 e das 18h às 22h30 | Sábado, das 11h30 às 13h30 e das 18h às 22h30 | Domingo, das 11h30 às 13h30 e das 18h às 22h30 |",Vegano colorido,31992112697
The Butcher,,"Versão do goulash, prato típico húngaro, mas com toque mineiro. Carne ensopada com fatias de pão.","Avenida Ressaca, 353 | Coração Eucarístico, Belo Horizonte – MG","Segunda, das 12h às 15h | Terça, das 12h às 15h e das 17h às 23h | Quarta, das 12h às 15h e das 17h às 23h | Quinta, das 12h às 15h e das 17h às 23h | Sexta, das 12h às 15h e das 17h às 23h | Sábado, das 12h às 23h | Domingo, das 12h às 17h |",Panela de Prata – 25 anos,3125145119
Toca do Ogro,,Picolé Mineiro – Costelinha suína com pele e osso. Acompanhada de purê de mandioca e crispy de couve.,"Rua Professor Nelson de Sena, 4 | Pampulha, Belo Horizonte – MG","Segunda, das 17h30 às 22h30 | Terça, das 17h30 às 22h30 | Quarta, das 17h30 às 22h30 | Quinta, das 17h30 às 22h30 | Sexta, das 17h30 às 23h | Sábado, das 12h às 23h |",Ripa de Prata,3136653838
Toninho – Alto Forno,,"Joelho de porco ao molho da Lili, acompanhado de polenta com queijo frita e farofa de Neston.","Rua Miracema, 100 | Santo André, Belo Horizonte – MG","Terça, das 18h às 1h30 | Quarta, das 18h às 01h30 | Quinta, das 18h às 1h30 | Sexta, das 18h às 1h30 | Sábado, das 18h às 1h30 | Domingo, das 18h às 0h30 |",Joelho da Lili,3136544064
Tropeiro do Lisboa,,"Filé-mignon selado, acompanhado de batatas rústicas ao molho da casa.","Avenida Leontino Francisco Alves, 506 | Serra Verde (Venda Nova), Belo Horizonte – MG","Domingo, das 11h à 0h | Segunda, das 11h à 0h | Quarta, das 11h à 0h | Quinta, das 11h à 0h | Sexta, das 11h à 0h | Sábado, das 11h à 0h |",Caldeirão do Mignon,3134555027
Us Motoca,,"Polpetas de carne recheadas com queijo, servido sobre aligot de batata e molho de tomates rústico, gratinado e guarnecido de crispy de jiló e picles de cebola-roxa.","Rua Blenda, 91 | Camargos, Belo Horizonte – MG","Terça, das 18h à 0h | Quarta, das 18h à 0h | Quinta, das 18h à 0h | Sexta, das 18h à 0h | Sábado, das 18h à 0h | Domingo, das 11h30 às 15h |",Bodas de Prata,31985444031
Xambar,"Edifício Maleta, 2º Andar, Lojas 7 e 10","Miolo de acém assado na pressão, acompanhado de mandioca cozida na manteiga e farofa de banana da terra","Avenida Augusto de Lima, 233 | Centro, Belo Horizonte – MG","Segunda, das 17h à 0h | Terça, das 17h à 0h | Quarta, das 17h à 0h | Quinta, das 17h à 0h | Sexta, das 17h à 0h | Sábado, das 17h à 0h |",Mineirin Oriental,31994108635
Xico da Kafua,,"Mão suína, acompanhada de farofa crocante de soja tostada com farinha de biju e torradas com azeite.","Avenida Itaú, 1195 – Loja A | João Pinheiro, Belo Horizonte – MG","Segunda, das 11h30 às 16h30 | Terça, das 11h30 às 16h30 | Quarta, das 11h30 às 22h | Quinta, das 11h30 às 22h | Sexta, das 11h30 às 22h | Sábado, das 11h30 às 22h | Domingo, das 11h30 às 16h30 |",Pé na areia,3133752640
Xico do Churrasco,,Asinhas de frango com provolone com tempero.,"Av Altamiro avelino Soares 920 – Castelo, Belo Horizonte – MG",Segunda à sexta de 17h à 0h | Sabado de 12h à 0h,Xico Balaio,31993643195
Zé Bolacha,,"Bolinho de costelinha desfiada com requeijão e muçarela, empanada no panko com molho de laranja e mel.","Rua das Melancias, 35 | Vila Cloris, Belo Horizonte – MG","Segunda, das 18h à 0h | Terça, das 18h à 0h | Quarta, das 18h à 0h | Quinta, das 18h à 0h | Sexta, das 18h à 1h | Sábado, das 18h à 1h |",Rabicó,3134541052
Zoo Bar,,"Canjiquinha à moda da vovó, acompanhada de costelinha de porco e vinagrete de pimenta.","Avenida Otacílio Negrão de Lima, 7844 | Pampulha, Belo Horizonte – MG","Terça, das 11h às 16h | Quarta, das 11h às 16h | Quinta, das 12h às 22h | Sexta, das 12h às 22h | Sábado, das 13h às 22h | Domingo, das 12h às 17h |",Canjiquinha da Vovó,(31) 3491-7455(31) 99175-6225
